Title,URL
Love's Portrait,https://lookmovie2.to/movies/view/16578868-lovex27s-portrait-2022
My Son Hunter,https://lookmovie2.to/movies/view/15481952-my-son-hunter-2022
Untold: The Girlfriend Who Didn't Exist,https://lookmovie2.to/movies/view/21340300-lx27envers-du-sport-la-petite-amie-imaginaire-2022
Marry Me in Yosemite,https://lookmovie2.to/movies/view/21292672-marry-me-in-yosemite-2022
Wolves of War,https://lookmovie2.to/movies/view/14618028-wolves-of-war-2022
In Love with My Partner's Wife,https://lookmovie2.to/movies/view/21427998-in-love-with-my-partnerx27s-wife-2022
Fire,https://lookmovie2.to/movies/view/13535920-avec-amour-et-acharnement-2022
House of Chains,https://lookmovie2.to/movies/view/21335046-house-of-chains-2022
The Hoot Owl,https://lookmovie2.to/movies/view/3098768-the-hoot-owl-2022
Out of Office,https://lookmovie2.to/movies/view/12194000-out-of-office-2022
Club Cumming Presents a Queer Comedy Extravaganza!,https://lookmovie2.to/movies/view/21806938-club-cumming-presents-a-queer-comedy-extravaganza-2022
Game Changer,https://lookmovie2.to/movies/view/12246702-game-changer-2022
It Was Always Me: Behind the Story,https://lookmovie2.to/movies/view/18300758-siempre-fui-yo-detras-de-la-historia-2022
The Man for the Job,https://lookmovie2.to/movies/view/19800436-the-man-for-the-job-2022
Free Chol Soo Lee,https://lookmovie2.to/movies/view/16376512-free-chol-soo-lee-2022
Delia's Gone,https://lookmovie2.to/movies/view/11513710-deliax27s-gone-2022
The Time Capsule,https://lookmovie2.to/movies/view/10418680-the-time-capsule-2022
About Fate,https://lookmovie2.to/movies/view/14456350-about-fate-2022
No Limit,https://lookmovie2.to/movies/view/14995258-apnea-2022
End of the Road,https://lookmovie2.to/movies/view/13655328-end-of-the-road-2022
Title,URL
Margaux,https://lookmovie2.to/movies/view/14967618-margaux-2022
The Class,https://lookmovie2.to/movies/view/6276272-the-class-2022
Deep in It,https://lookmovie2.to/movies/view/20244248-deep-in-it-2022
Cabin Connection,https://lookmovie2.to/movies/view/14442346-quand-lx27amour-frappe-a-la-porte-2022
Helen Hong: Well Hong (2022),https://lookmovie2.to/movies/view/14972158-helen-hong-well-hong-2022
Flight/Risk,https://lookmovie2.to/movies/view/21293078-flightrisk-2022
Kim McVicar: Tap Dancing on My Mother's Grave,https://lookmovie2.to/movies/view/17518460-kim-mcvicar-tap-dancing-on-my-motherx27s-grave-2022
Stoop Kid,https://lookmovie2.to/movies/view/21350998-stoop-kid-2022
BTS Permission to Dance on Stage - Seoul: Live Viewing,https://lookmovie2.to/movies/view/18687124-bts-permission-to-dance-on-stage-seoul-live-viewing-2022
Pinocchio,https://lookmovie2.to/movies/view/4593060-pinocchio-2022
The Anthrax Attacks,https://lookmovie2.to/movies/view/21746178-the-anthrax-attacks-2022
Beast,https://lookmovie2.to/movies/view/13223398-beast-2022
Obi-Wan Kenobi: A Jedi's Return,https://lookmovie2.to/movies/view/21860836-obi-wan-kenobi-a-jedix27s-return-2022
6 Festivals,https://lookmovie2.to/movies/view/20102688-6-festivals-2022
Thor: Love and Thunder,https://lookmovie2.to/movies/view/10648342-thor-love-and-thunder-2022
Can't Live Without You,https://lookmovie2.to/movies/view/14488434-sin-ti-no-puedo-2022
HollyBlood,https://lookmovie2.to/movies/view/14210720-hollyblood-2022
The Movie,https://lookmovie2.to/movies/view/9624756-the-movie-2022
Something in the Woods,https://lookmovie2.to/movies/view/21879984-something-in-the-woods-2022
The Bad Seed Returns,https://lookmovie2.to/movies/view/16030222-the-bad-seed-returns-2022
Title,URL
The Skeleton's Compass,https://lookmovie2.to/movies/view/6406930-the-skeletonx27s-compass-2022
Taylor Hawkins Tribute Concert,https://lookmovie2.to/movies/view/21984858-taylor-hawkins-tribute-concert-2022
Kick Out the Jams: The Story of XFM,https://lookmovie2.to/movies/view/21341378-kick-out-the-jams-the-story-of-xfm-2022
Get Smart with Money,https://lookmovie2.to/movies/view/21654704-les-moyens-de-vos-ambitions-2022
Untold: The Race of the Century,https://lookmovie2.to/movies/view/21811526-lx27envers-du-sport-la-course-du-siecle-2022
The Roundup,https://lookmovie2.to/movies/view/15838850-the-roundup-2022
Diorama,https://lookmovie2.to/movies/view/10851466-diorama-2022
Rodrigo Marques: King of Uncouth,https://lookmovie2.to/movies/view/21742294-rodrigo-marques-o-inimigo-do-nivel-2022
Destination Paris,https://lookmovie2.to/movies/view/21910648-destination-paris-2022
DC League of Super-Pets,https://lookmovie2.to/movies/view/8912936-dc-league-of-super-pets-2022
Tiny Cinema,https://lookmovie2.to/movies/view/15908746-tiny-cinema-2022
Sheng Wang: Sweet and Juicy,https://lookmovie2.to/movies/view/19770866-sheng-wang-sweet-and-juicy-2022
Killing Diana,https://lookmovie2.to/movies/view/21607108-killing-diana-0
Where the Crawdads Sing,https://lookmovie2.to/movies/view/9411972-la-ou-chantent-les-ecrevisses-2022
Doc McStuffins: The Doc Is 10!,https://lookmovie2.to/movies/view/21919904-doc-mcstuffins-the-doc-is-10-2022
Ghoster,https://lookmovie2.to/movies/view/10580194-ghoster-2022
Vengeance,https://lookmovie2.to/movies/view/11976532-vengeance-2022
Yellowstone Romance,https://lookmovie2.to/movies/view/15017900-trouver-lx27amour-a-la-campagne-2022
The Gold Machine,https://lookmovie2.to/movies/view/14065482-the-gold-machine-2022
Jack Osbourne's Night of Terror: UFOs,https://lookmovie2.to/movies/view/21441396-jack-osbournex27s-night-of-terror-ufos-2022
Title,URL
Heatwave,https://lookmovie2.to/movies/view/17291716-heatwave-2022
Requiem for a Scream,https://lookmovie2.to/movies/view/20865118-requiem-for-a-scream-2022
Barbie: Mermaid Power,https://lookmovie2.to/movies/view/21933210-barbie-mermaid-power-2022
Ivy + Bean,https://lookmovie2.to/movies/view/13926132-zoe-juju-obligees-de-danser-2022
Ivy + Bean: The Ghost That Had to Go,https://lookmovie2.to/movies/view/21836592-zoe-juju-la-chasse-au-fantome-de-lx27ecole-2022
Ivy + Bean: Doomed to Dance,https://lookmovie2.to/movies/view/21836576-zoe-juju-obligees-de-danser-2022
Sam Morril: Same Time Tomorrow,https://lookmovie2.to/movies/view/21836654-sam-morril-same-time-tomorrow-2022
The Harbinger,https://lookmovie2.to/movies/view/7440124-the-harbinger-2022
Wire Room,https://lookmovie2.to/movies/view/16527290-wire-room-2022
McEnroe,https://lookmovie2.to/movies/view/19801212-mcenroe-2022
Burial,https://lookmovie2.to/movies/view/13063384-burial-2022
One Way,https://lookmovie2.to/movies/view/13075730-one-way-2022
Aftersun,https://lookmovie2.to/movies/view/19770238-aftersun-2022
Honk for Jesus. Save Your Soul.,https://lookmovie2.to/movies/view/12655436-honk-for-jesus-save-your-soul-2022
Jikirag,https://lookmovie2.to/movies/view/12700358-jikirag-2022
Tom,https://lookmovie2.to/movies/view/15300538-tom-2022
Mack & Rita,https://lookmovie2.to/movies/view/14330236-mack-amp-rita-2022
"TikTok, Boom.",https://lookmovie2.to/movies/view/16377496-tiktok-boom-2022
The Unmaking of A College,https://lookmovie2.to/movies/view/15156954-the-unmaking-of-a-college-2022
Fenced In,https://lookmovie2.to/movies/view/21742248-pas-moyen-de-sx27entendre-2022
Title,URL
Love in the Villa,https://lookmovie2.to/movies/view/15463032-love-in-the-villa-2022
Summering,https://lookmovie2.to/movies/view/15208276-summering-2022
Who Invited Them,https://lookmovie2.to/movies/view/17677178-who-invited-them-2022
Fall,https://lookmovie2.to/movies/view/15325794-fall-2022
I Came By,https://lookmovie2.to/movies/view/15083184-i-came-by-2022
Ben Stokes: Phoenix from the Ashes,https://lookmovie2.to/movies/view/21921074-ben-stokes-phoenix-from-the-ashes-2022
All the Lord's Men,https://lookmovie2.to/movies/view/13985310-all-the-lordx27s-men-2022
Under Her Control,https://lookmovie2.to/movies/view/15006754-la-jefa-2022
Out of the Darkness,https://lookmovie2.to/movies/view/18935954-de-forbandede-ar-2-2022
2022 MTV Video Music Awards,https://lookmovie2.to/movies/view/19796422-2022-mtv-video-music-awards-2022
Hope Again,https://lookmovie2.to/movies/view/13254234-hope-again-2022
Untold: Operation Flagrant Foul,https://lookmovie2.to/movies/view/21448508-lx27envers-du-sport-un-arbitre-pris-en-faute-2022
Unthinkably Good Things,https://lookmovie2.to/movies/view/18955596-unthinkably-good-things-2022
Send Me,https://lookmovie2.to/movies/view/21817452-send-me-2022
Jazz Fest: A New Orleans Story,https://lookmovie2.to/movies/view/16418964-jazz-fest-a-new-orleans-story-2022
Explorer,https://lookmovie2.to/movies/view/17413020-explorer-2022
Danger in the House,https://lookmovie2.to/movies/view/20850072-danger-in-the-house-2022
Harmony in Paradise,https://lookmovie2.to/movies/view/19868710-harmony-in-paradise-2022
The Railway Children Return,https://lookmovie2.to/movies/view/14592998-the-railway-children-return-2022
That's Amor,https://lookmovie2.to/movies/view/21388556-thats-amor-2022
Title,URL
Joyride,https://lookmovie2.to/movies/view/13515090-joyride-2022
"Game, Set, Love",https://lookmovie2.to/movies/view/20116668-game-set-love-2022
Groundswell,https://lookmovie2.to/movies/view/20562474-groundswell-2022
The American Diplomat,https://lookmovie2.to/movies/view/16673042-quotamerican-experiencequot-the-american-diplomat-2022
Low Life,https://lookmovie2.to/movies/view/6165892-low-life-2022
Zombae,https://lookmovie2.to/movies/view/19766558-zombae-2022
The Missing,https://lookmovie2.to/movies/view/13899908-the-missing-2022
Funny Pages,https://lookmovie2.to/movies/view/8174412-funny-pages-2022
Me Time,https://lookmovie2.to/movies/view/14309446-me-time-enfin-seulij-2022
Loving Adults,https://lookmovie2.to/movies/view/14592948-kaerlighed-for-voksne-2022
Maneater,https://lookmovie2.to/movies/view/15262370-maneater-2022
Out of the Blue,https://lookmovie2.to/movies/view/15333788-out-of-the-blue-2022
Samaritan,https://lookmovie2.to/movies/view/5500218-samaritan-2022
Untrapped: The Story of Lil Baby,https://lookmovie2.to/movies/view/19801404-untrapped-the-story-of-lil-baby-2022
Mount Hideaway Mysteries: Heartache and Homecoming,https://lookmovie2.to/movies/view/21310658-mount-hideaway-mysteries-heartache-and-homecoming-2022
"Love, Fashion, Repeat",https://lookmovie2.to/movies/view/16411844-love-fashion-repeat-2022
Sweet as Pie,https://lookmovie2.to/movies/view/15560208-sweet-as-pie-2022
Top Gun: Maverick,https://lookmovie2.to/movies/view/1745960-top-gun-maverick-2022
The Figo Affair: The Transfer that Changed Football,https://lookmovie2.to/movies/view/21836538-le-transfert-du-siecle-et-figo-changea-de-camp-2022
Nope,https://lookmovie2.to/movies/view/10954984-nope-2022
Title,URL
Katrina Babies,https://lookmovie2.to/movies/view/15306876-katrina-babies-2022
Back Door,https://lookmovie2.to/movies/view/18748062-back-door-2022
Preaching Lies,https://lookmovie2.to/movies/view/21157874-preaching-lies-2022
Who Ya Wit,https://lookmovie2.to/movies/view/18924570-who-ya-wit-2022
Dead Zone,https://lookmovie2.to/movies/view/18396866-dead-zone-2022
Street Code Broken,https://lookmovie2.to/movies/view/16304550-street-code-broken-2022
Running with the Devil: The Wild World of John McAfee,https://lookmovie2.to/movies/view/21379574-mcafee-des-virus-aux-demons-2022
"Watch Out, We're Mad",https://lookmovie2.to/movies/view/14845950-altrimenti-ci-arrabbiamo-2022
Easter Sunday,https://lookmovie2.to/movies/view/11952606-easter-sunday-2022
Swamp Lion,https://lookmovie2.to/movies/view/7344784-swamp-lion-2022
Untold: The Rise and Fall of AND1,https://lookmovie2.to/movies/view/21388560-lx27envers-du-sport-and1-et-lx27age-dx27or-du-streetball-2022
Shark Side of the Moon,https://lookmovie2.to/movies/view/21426434-shark-side-of-the-moon-2022
Randy Rhoads: Reflections of a Guitar Icon,https://lookmovie2.to/movies/view/15766352-randy-rhoads-reflections-of-a-guitar-icon-2022
Big Lies in a Small Town,https://lookmovie2.to/movies/view/20873622-big-lies-in-a-small-town-2022
One More Dream,https://lookmovie2.to/movies/view/17194974-one-more-dream-2022
Hunting Ava Bravo,https://lookmovie2.to/movies/view/13872380-hunting-ava-bravo-2022
Dating the Delaneys,https://lookmovie2.to/movies/view/20859028-dating-the-delaneys-2022
Temptation Under the Sun,https://lookmovie2.to/movies/view/19490502-temptation-under-the-sun-2022
The Journey Ahead,https://lookmovie2.to/movies/view/4681574-the-journey-ahead-2022
"Hello, Bookstore",https://lookmovie2.to/movies/view/19242256-hello-bookstore-2022
Title,URL
Swap Out,https://lookmovie2.to/movies/view/16732852-swap-out-2022
The Witch: Part 2. The Other One,https://lookmovie2.to/movies/view/13721828-the-witch-part-2-the-other-one-2022
The Deepest Cave,https://lookmovie2.to/movies/view/18225736-explorer-the-deepest-cave-2022
Movers Ultimate,https://lookmovie2.to/movies/view/11395630-movers-ultimate-2022
SLR,https://lookmovie2.to/movies/view/18259846-slr-2022
The Next 365 Days,https://lookmovie2.to/movies/view/21106646-365-jours-lx27annee-dx27apres-2022
Spin Me Round,https://lookmovie2.to/movies/view/14596320-spin-me-round-2022
Get Away If You Can,https://lookmovie2.to/movies/view/15208692-get-away-if-you-can-2022
Unicorn Town,https://lookmovie2.to/movies/view/7379552-unicorn-town-2022
The Immaculate Room,https://lookmovie2.to/movies/view/13698942-the-immaculate-room-2022
Orphan: First Kill,https://lookmovie2.to/movies/view/11851548-esther-2-les-origines-2022
Babysitter,https://lookmovie2.to/movies/view/13308316-babysitter-2022
Bullet Proof,https://lookmovie2.to/movies/view/10198564-bullet-proof-2022
Homicide Hunter: Never Give Up,https://lookmovie2.to/movies/view/21228304-homicide-hunter-never-give-up-2022
Glorious,https://lookmovie2.to/movies/view/12724306-glorious-2022
Inside the Mind of a Cat,https://lookmovie2.to/movies/view/21340412-inside-the-mind-of-a-cat-2022
Dual,https://lookmovie2.to/movies/view/9005184-dual-2022
Look Both Ways,https://lookmovie2.to/movies/view/14298328-look-both-ways-2022
Lie Hard,https://lookmovie2.to/movies/view/13313642-lie-hard-2022
PPP Loan Gone,https://lookmovie2.to/movies/view/16234500-ppp-loan-gone-2022
Title,URL
The Stranger in Our Bed,https://lookmovie2.to/movies/view/13661368-the-stranger-in-our-bed-2022
Little Ukraine,https://lookmovie2.to/movies/view/11511518-little-ukraine-2022
Planning on Forever,https://lookmovie2.to/movies/view/16354442-et-si-on-sx27aimaitij-2022
Sharp Stick,https://lookmovie2.to/movies/view/14158346-sharp-stick-2022
Tim Dillon: A Real Hero,https://lookmovie2.to/movies/view/21431084-tim-dillon-a-real-hero-2022
romance in style,https://lookmovie2.to/movies/view/21653744-romance-in-style-2022
Big Sky River,https://lookmovie2.to/movies/view/21298322-big-sky-river-2022
La caída de Alejandra,https://lookmovie2.to/movies/view/21160112-la-caida-de-alejandra-2022
South Park: The 25th Anniversary Concert,https://lookmovie2.to/movies/view/21394322-south-park-the-25th-anniversary-concert-2022
Graphic Designs,https://lookmovie2.to/movies/view/13452544-graphic-designs-2022
Secret Society 2: Never Enough,https://lookmovie2.to/movies/view/21116728-secret-society-2-never-enough-2022
My Missing Sister,https://lookmovie2.to/movies/view/15319164-sister-with-a-secret-2022
Here Out West,https://lookmovie2.to/movies/view/13387266-here-out-west-2022
Gabriel's Rapture: Part Three (The Gabriel's Inferno Series),https://lookmovie2.to/movies/view/21622428-gabrielx27s-rapture-part-three-the-gabrielx27s-inferno-series-2022
The Princess,https://lookmovie2.to/movies/view/13393128-the-princess-2022
Worst to First,https://lookmovie2.to/movies/view/12491048-worst-to-first-2022
Jackass Shark Week 2.0,https://lookmovie2.to/movies/view/21276016-jackass-shark-week-20-2022
Tom Daley: Illegal to Be Me,https://lookmovie2.to/movies/view/21441802-tom-daley-illegal-to-be-me-2022
The Inside Outtakes,https://lookmovie2.to/movies/view/20770080-the-inside-outtakes-bo-burnham-2022
Alyssa Limperis: No Bad Days,https://lookmovie2.to/movies/view/21441312-alyssa-limperis-no-bad-days-2022
Title,URL
Snoopy Presents: Lucy's School,https://lookmovie2.to/movies/view/21405896-snoopy-presents-lucyx27s-school-2022
Day Shift,https://lookmovie2.to/movies/view/13314558-day-shift-2022
I Love My Dad,https://lookmovie2.to/movies/view/14935966-i-love-my-dad-2022
13: The Musical,https://lookmovie2.to/movies/view/3975918-13-la-comedie-musicale-2022
Collide,https://lookmovie2.to/movies/view/17527124-collide-2022
Proyecto Emperador,https://lookmovie2.to/movies/view/13660916-codigo-emperador-2022
No Way Out,https://lookmovie2.to/movies/view/9893160-no-way-out-2022
Secret Headquarters,https://lookmovie2.to/movies/view/14001894-secret-headquarters-2022
Wifelike,https://lookmovie2.to/movies/view/15978956-wifelike-2022
Post Malone: Runaway,https://lookmovie2.to/movies/view/21382348-post-malone-runaway-2022
MEAD,https://lookmovie2.to/movies/view/6032364-mead-2022
Stay on Board: The Leo Baker Story,https://lookmovie2.to/movies/view/21100124-question-dx27equilibre-le-skate-selon-leo-baker-2022
Office Invasion,https://lookmovie2.to/movies/view/21440188-office-invasion-2022
My Favorite Girlfriend,https://lookmovie2.to/movies/view/15540696-my-favorite-girlfriend-2022
Bank Robbers: The Last Great Heist,https://lookmovie2.to/movies/view/21281774-les-braqueurs-du-siecle-2022
Queen of the Trap House 2: Taking the Throne,https://lookmovie2.to/movies/view/13586548-queen-of-the-trap-house-2-taking-the-throne-2022
Last Seen Alive,https://lookmovie2.to/movies/view/10242388-last-seen-alive-2022
Doblemente Embarazada 2,https://lookmovie2.to/movies/view/21359852-doblemente-embarazada-2-2022
Free Dead or Alive,https://lookmovie2.to/movies/view/5953432-free-dead-or-alive-2022
Stowaway (VII),https://lookmovie2.to/movies/view/8889818-stowaway-2022
Title,URL
The Dead Girl in Apartment 03,https://lookmovie2.to/movies/view/9093076-the-dead-girl-in-apartment-03-2022
The Art of Passion,https://lookmovie2.to/movies/view/19380876-the-provocateur-2022
Sniper: Rogue Mission,https://lookmovie2.to/movies/view/21222434-sniper-rogue-mission-2022
VR (Vikrant Rona),https://lookmovie2.to/movies/view/12015102-vikrant-rona-2022
Love in the Limelight,https://lookmovie2.to/movies/view/21193618-love-in-the-limelight-2022
A Dangerous Affair,https://lookmovie2.to/movies/view/15905460-her-obsession-2022
Elvis,https://lookmovie2.to/movies/view/3704428-elvis-2022
Infrared,https://lookmovie2.to/movies/view/14584216-infrared-2022
JGA: Jasmin. Gina. Anna.,https://lookmovie2.to/movies/view/13263282-jga-jasmin-gina-anna-2022
A Splash of Love,https://lookmovie2.to/movies/view/21298582-a-splash-of-love-2022
Gabby Giffords Won't Back Down,https://lookmovie2.to/movies/view/17490116-gabby-giffords-wonx27t-back-down-2022
Rogue Agent,https://lookmovie2.to/movies/view/9731386-rogue-agent-2022
Kung Fu Zohra,https://lookmovie2.to/movies/view/13261944-kung-fu-zohra-2022
They/Them,https://lookmovie2.to/movies/view/14502344-theythem-2022
Rise of the Teenage Mutant Ninja Turtles: The Movie,https://lookmovie2.to/movies/view/9784708-le-destin-des-tortues-ninja-le-film-2022
Lego Star Wars Summer Vacation,https://lookmovie2.to/movies/view/20784210-lego-star-wars-summer-vacation-2022
The Most Dangerous Game,https://lookmovie2.to/movies/view/15822738-the-most-dangerous-game-2022
Prey,https://lookmovie2.to/movies/view/11866324-prey-2022
Resurrection,https://lookmovie2.to/movies/view/11540726-resurrection-2022
Thirteen Lives,https://lookmovie2.to/movies/view/12262116-treize-vies-2022
Title,URL
Luck,https://lookmovie2.to/movies/view/7214954-luck-2022
Love and Penguins,https://lookmovie2.to/movies/view/15051960-romance-a-crystal-bay-2022
Scariest Monsters in America,https://lookmovie2.to/movies/view/19872200-scariest-monsters-in-america-2022
Wedding Season,https://lookmovie2.to/movies/view/11426572-wedding-season-2022
The Ocean's Greatest Feast,https://lookmovie2.to/movies/view/16350310-quotnaturequot-the-oceanx27s-greatest-feast-2022
Hypochondriac,https://lookmovie2.to/movies/view/12186098-hypochondriac-2022
Hippo King,https://lookmovie2.to/movies/view/18393916-quotnaturequot-hippo-king-2022
American Horses,https://lookmovie2.to/movies/view/16350312-quotnaturequot-american-horses-2022
American Arctic,https://lookmovie2.to/movies/view/18393920-quotnaturequot-american-arctic-2022
A Tear in the Sky,https://lookmovie2.to/movies/view/15120486-a-tear-in-the-sky-2022
Buba,https://lookmovie2.to/movies/view/21195548-buba-2022
Don't Blame Karma!,https://lookmovie2.to/movies/view/21226774-que-culpa-tiene-el-karmaij-2022
Wunderschön,https://lookmovie2.to/movies/view/12194006-wunderschon-2022
Daeng Phra Khanong,https://lookmovie2.to/movies/view/20563670-daeng-phra-khanong-2022
Mrs Harris Goes to Paris,https://lookmovie2.to/movies/view/5151570-une-robe-pour-mrs-harris-2022
Allegoria,https://lookmovie2.to/movies/view/14939308-allegoria-2022
Ricardo Quevedo: Tomorrow Will Be Worse,https://lookmovie2.to/movies/view/21325754-ricardo-quevedo-manana-sera-peor-2022
Kung Fu Ghost,https://lookmovie2.to/movies/view/11131400-kung-fu-ghost-2022
Minions: The Rise of Gru,https://lookmovie2.to/movies/view/5113044-les-minions-2-il-etait-une-fois-gru-2022
Albatross,https://lookmovie2.to/movies/view/12992082-albatross-2022
